location,source,target,id,fuzzy,context,translator_comments,developer_comments
,Aaminiut,Aaminiut,,,,https://pathfinderwiki.com/wiki/Aaminiut,
,Aaramor,Aaramor,,,,https://pathfinderwiki.com/wiki/Aaramor,
,Abberton,Abberton,,,,https://pathfinderwiki.com/wiki/Abberton,
,Abken,Abken,,,,https://pathfinderwiki.com/wiki/Abken,
,Absalom,Absalom,,,,https://pathfinderwiki.com/wiki/Absalom,
,Acisazi,Acisazi,,,,https://pathfinderwiki.com/wiki/Acisazi,
,Acorn's Rest,Acorn's Rest,,,,https://pathfinderwiki.com/wiki/Acorn's_Rest,
,Adhaarm,Adhaarm,,,,https://pathfinderwiki.com/wiki/Adhaarm,
,Adrast,Adrast,,,,https://pathfinderwiki.com/wiki/Adrast,
,Akafuto,Akafuto,,,,https://pathfinderwiki.com/wiki/Akafuto,
,Al-Hiraf,Al-Hiraf,,,,https://pathfinderwiki.com/wiki/Al-Hiraf,
,Al-Varish,Al-Varish,,,,https://pathfinderwiki.com/wiki/Al-Varish,
,Alabastrine,Alabastrine,,,,https://pathfinderwiki.com/wiki/Alabastrine,
,Albatross,Albatross,,,,https://pathfinderwiki.com/wiki/Albatross,
,Alendruan Harbor,Alendruan Harbor,,,,https://pathfinderwiki.com/wiki/Alendruan_Harbor,
,Algidheart,Algidheart,,,,https://pathfinderwiki.com/wiki/Algidheart,
,Alkenstar City,Alkenstar City,,,,https://pathfinderwiki.com/wiki/Alkenstar_City,
,Almas,Almas,,,,https://pathfinderwiki.com/wiki/Almas,
,Alvis,Alvis,,,,https://pathfinderwiki.com/wiki/Alvis,
,An,An,,,,https://pathfinderwiki.com/wiki/An,
,An-Alak,An-Alak,,,,https://pathfinderwiki.com/wiki/An-Alak,
,Anactoria,Anactoria,,,,https://pathfinderwiki.com/wiki/Anactoria,
,Anthusis,Anthusis,,,,https://pathfinderwiki.com/wiki/Anthusis,
,Antoll,Antoll,,,,https://pathfinderwiki.com/wiki/Antoll,
,Anuli,Anuli,,,,https://pathfinderwiki.com/wiki/Anuli,
,Apertan,Apertan,,,,https://pathfinderwiki.com/wiki/Apertan,
,Aphet East,Aphet East,,,,https://pathfinderwiki.com/wiki/Aphet_East,
,Ardagh,Ardagh,,,,https://pathfinderwiki.com/wiki/Ardagh,
,Ardis,Ardis,,,,https://pathfinderwiki.com/wiki/Ardis,
,Arena,Arena,,,,https://pathfinderwiki.com/wiki/Arena,
,Arsmeril,Arsmeril,,,,https://pathfinderwiki.com/wiki/Arsmeril,
,Artume,Artume,,,,https://pathfinderwiki.com/wiki/Artume,
,Arwyll Stead,Arwyll Stead,,,,https://pathfinderwiki.com/wiki/Arwyll_Stead,
,Ash Hollow,Ash Hollow,,,,https://pathfinderwiki.com/wiki/Ash_Hollow,
,Asleifar,Asleifar,,,,https://pathfinderwiki.com/wiki/Asleifar,
,Aspenthar,Aspenthar,,,,https://pathfinderwiki.com/wiki/Aspenthar,
,Asre,Asre,,,,https://pathfinderwiki.com/wiki/Asre,
,Auginford,Auginford,,,,https://pathfinderwiki.com/wiki/Auginford,
,Augustana,Augustana,,,,https://pathfinderwiki.com/wiki/Augustana,
,Avendale,Avendale,,,,https://pathfinderwiki.com/wiki/Avendale,
,Avennara,Avennara,,,,https://pathfinderwiki.com/wiki/Avennara,
,Averaka,Averaka,,,,https://pathfinderwiki.com/wiki/Averaka,
,Avilan,Avilan,,,,https://pathfinderwiki.com/wiki/Avilan,
,Ayajinbo,Ayajinbo,,,,https://pathfinderwiki.com/wiki/Ayajinbo,
,Ayesh,Ayesh,,,,https://pathfinderwiki.com/wiki/Ayesh,
,Azad,Azad,,,,https://pathfinderwiki.com/wiki/Azad,
,Azir,Azir,,,,https://pathfinderwiki.com/wiki/Azir,
,Azurestone,Azurestone,,,,https://pathfinderwiki.com/wiki/Azurestone,
,Babschu-Jong,Babschu-Jong,,,,https://pathfinderwiki.com/wiki/Babschu-Jong,
,Bacul Gruii,Bacul Gruii,,,,https://pathfinderwiki.com/wiki/Bacul_Gruii,
,Badelund,Badelund,,,,https://pathfinderwiki.com/wiki/Badelund,
,Baghava,Baghava,,,,https://pathfinderwiki.com/wiki/Baghava,
,Baldachin,Baldachin,,,,https://pathfinderwiki.com/wiki/Baldachin,
,Banukmaud,Banukmaud,,,,https://pathfinderwiki.com/wiki/Banukmaud,
,Baslwief,Baslwief,,,,https://pathfinderwiki.com/wiki/Baslwief,
,Beachcomber,Beachcomber,,,,https://pathfinderwiki.com/wiki/Beachcomber,
,Belde,Belde,,,,https://pathfinderwiki.com/wiki/Belde,
,Belhaim,Belhaim,,,,https://pathfinderwiki.com/wiki/Belhaim,
,Belila,Belila,,,,https://pathfinderwiki.com/wiki/Belila,
,Bellis,Bellis,,,,https://pathfinderwiki.com/wiki/Bellis,
,Berus,Berus,,,,https://pathfinderwiki.com/wiki/Berus,
,Bildt,Bildt,,,,https://pathfinderwiki.com/wiki/Bildt,
,Biston,Biston,,,,https://pathfinderwiki.com/wiki/Biston,
,Bitter Hollow,Bitter Hollow,,,,https://pathfinderwiki.com/wiki/Bitter_Hollow,
,Blackblood Cay,Blackblood Cay,,,,https://pathfinderwiki.com/wiki/Blackblood_Cay,
,Blackcove,Blackcove,,,,https://pathfinderwiki.com/wiki/Blackcove,
,Blackpipe,Blackpipe,,,,https://pathfinderwiki.com/wiki/Blackpipe,
,Blackridge,Blackridge,,,,https://pathfinderwiki.com/wiki/Blackridge,
,Blackwood Moot,Blackwood Moot,,,,https://pathfinderwiki.com/wiki/Blackwood_Moot,
,Blisterwell,Blisterwell,,,,https://pathfinderwiki.com/wiki/Blisterwell,
,Bloodcove,Bloodcove,,,,https://pathfinderwiki.com/wiki/Bloodcove,
,Bluestone,Bluestone,,,,https://pathfinderwiki.com/wiki/Bluestone,
,Bogsbridge,Bogsbridge,,,,https://pathfinderwiki.com/wiki/Bogsbridge,
,Bolgrad,Bolgrad,,,,https://pathfinderwiki.com/wiki/Bolgrad,
,Bosco,Bosco,,,,https://pathfinderwiki.com/wiki/Bosco,
,Bosorka,Bosorka,,,,https://pathfinderwiki.com/wiki/Bosorka,
,Botosani,Botosani,,,,https://pathfinderwiki.com/wiki/Botosani,
,Bovodport,Bovodport,,,,https://pathfinderwiki.com/wiki/Bovodport,
,Braganza,Braganza,,,,https://pathfinderwiki.com/wiki/Braganza,
,Brastlewark,Brastlewark,,,,https://pathfinderwiki.com/wiki/Brastlewark,
,Breachill,Breachill,,,,https://pathfinderwiki.com/wiki/Breachill,
,Brimstone Springs,Brimstone Springs,,,,https://pathfinderwiki.com/wiki/Brimstone_Springs,
,Brinewall,Brinewall,,,,https://pathfinderwiki.com/wiki/Brinewall,
,Bronze Hook,Bronze Hook,,,,https://pathfinderwiki.com/wiki/Bronze_Hook,
,Brunderton,Brunderton,,,,https://pathfinderwiki.com/wiki/Brunderton,
,Bug Harbor,Bug Harbor,,,,https://pathfinderwiki.com/wiki/Bug_Harbor,
,Bundózo,Bundózo,,,,https://pathfinderwiki.com/wiki/Bundózo,
,Butraf,Butraf,,,,https://pathfinderwiki.com/wiki/Butraf,
,Caldamin,Caldamin,,,,https://pathfinderwiki.com/wiki/Caldamin,
,Caliphas,Caliphas,,,,https://pathfinderwiki.com/wiki/Caliphas_(city),
,Canorate,Canorate,,,,https://pathfinderwiki.com/wiki/Canorate,
,Carpenden,Carpenden,,,,https://pathfinderwiki.com/wiki/Carpenden,
,Carrion Hill,Carrion Hill,,,,https://pathfinderwiki.com/wiki/Carrion_Hill,
,Cascina,Cascina,,,,https://pathfinderwiki.com/wiki/Cascina,
,Cassomir,Cassomir,,,,https://pathfinderwiki.com/wiki/Cassomir,
,Castle Everstand,Castle Everstand,,,,https://pathfinderwiki.com/wiki/Castle_Everstand,
,Castle Firrine,Castle Firrine,,,,https://pathfinderwiki.com/wiki/Castle_Firrine,
,Castle Odranto,Castle Odranto,,,,https://pathfinderwiki.com/wiki/Castle_Odranto,
,Castle Urion,Castle Urion,,,,https://pathfinderwiki.com/wiki/Castle_Urion,
,Cavlinor,Cavlinor,,,,https://pathfinderwiki.com/wiki/Cavlinor,
,Cedar Court,Cedar Court,,,,https://pathfinderwiki.com/wiki/Cedar_Court,
,Celwynvian,Celwynvian,,,,https://pathfinderwiki.com/wiki/Celwynvian,
,Cesca,Cesca,,,,https://pathfinderwiki.com/wiki/Cesca,
,Cettigne,Cettigne,,,,https://pathfinderwiki.com/wiki/Cettigne,
,Chalk Harbor,Chalk Harbor,,,,https://pathfinderwiki.com/wiki/Chalk_Harbor,
,Chalya,Chalya,,,,https://pathfinderwiki.com/wiki/Chalya,
,Changdo,Changdo,,,,https://pathfinderwiki.com/wiki/Changdo,
,Chastel,Chastel,,,,https://pathfinderwiki.com/wiki/Chastel,
,Chateau Douleurs,Chateau Douleurs,,,,https://pathfinderwiki.com/wiki/Chateau_Douleurs,
,Chennipon,Chennipon,,,,https://pathfinderwiki.com/wiki/Chennipon,
,Chesed,Chesed,,,,https://pathfinderwiki.com/wiki/Chesed,
,Chillblight,Chillblight,,,,https://pathfinderwiki.com/wiki/Chillblight,
,Chilémbi,Chilémbi,,,,https://pathfinderwiki.com/wiki/Chilémbi,
,Chimera Cove,Chimera Cove,,,,https://pathfinderwiki.com/wiki/Chimera_Cove,
,Chiron,Chiron,,,,https://pathfinderwiki.com/wiki/Chiron,
,Chitterhome,Chitterhome,,,,https://pathfinderwiki.com/wiki/Chitterhome,
,Cho-Tzu,Cho-Tzu,,,,https://pathfinderwiki.com/wiki/Cho-Tzu,
,Ciricskree,Ciricskree,,,,https://pathfinderwiki.com/wiki/Ciricskree,
,City of Bone and Juniper,City of Bone and Juniper,,,,https://pathfinderwiki.com/wiki/City_of_Bone_and_Juniper,
,Claes,Claes,,,,https://pathfinderwiki.com/wiki/Claes,
,Clear Waters,Clear Waters,,,,https://pathfinderwiki.com/wiki/Clear_Waters,
,Coldwater,Coldwater,,,,https://pathfinderwiki.com/wiki/Coldwater,
,Colvaas Gibbet,Colvaas Gibbet,,,,https://pathfinderwiki.com/wiki/Colvaas_Gibbet,
,Commonfield,Commonfield,,,,https://pathfinderwiki.com/wiki/Commonfield,
,Copperwood,Copperwood,,,,https://pathfinderwiki.com/wiki/Copperwood,
,Coralesian,Coralesian,,,,https://pathfinderwiki.com/wiki/Coralesian,
,Corentyn,Corentyn,,,,https://pathfinderwiki.com/wiki/Corentyn,
,Corpselight,Corpselight,,,,https://pathfinderwiki.com/wiki/Corpselight_(Geb),
,Corvischior,Corvischior,,,,https://pathfinderwiki.com/wiki/Corvischior,
,Court of Endless Revelry,Court of Endless Revelry,,,,https://pathfinderwiki.com/wiki/Court_of_Endless_Revelry,
,Court of Seasons,Court of Seasons,,,,https://pathfinderwiki.com/wiki/Court_of_Seasons,
,Courtaud,Courtaud,,,,https://pathfinderwiki.com/wiki/Courtaud,
,Crooked Cove,Crooked Cove,,,,https://pathfinderwiki.com/wiki/Crooked_Cove,
,Crossfen,Crossfen,,,,https://pathfinderwiki.com/wiki/Crossfen,
,Crosspine,Crosspine,,,,https://pathfinderwiki.com/wiki/Crosspine,
,Crown's End,Crown's End,,,,https://pathfinderwiki.com/wiki/Crown's_End,
,Crowstump,Crowstump,,,,https://pathfinderwiki.com/wiki/Crowstump,
,Crowtop,Crowtop,,,,https://pathfinderwiki.com/wiki/Crowtop,
,Crying Leaf,Crying Leaf,,,,https://pathfinderwiki.com/wiki/Crying_Leaf,
,Crystalcrag,Crystalcrag,,,,https://pathfinderwiki.com/wiki/Crystalcrag,
,Crystalhurst,Crystalhurst,,,,https://pathfinderwiki.com/wiki/Crystalhurst,
,Cutter's Holdout,Cutter's Holdout,,,,https://pathfinderwiki.com/wiki/Cutter's_Holdout,
,Cuttle,Cuttle,,,,https://pathfinderwiki.com/wiki/Cuttle,
,Cypress Point,Cypress Point,,,,https://pathfinderwiki.com/wiki/Cypress_Point,
,Cyremium,Cyremium,,,,https://pathfinderwiki.com/wiki/Cyremium,
,Czarny Las,Czarny Las,,,,https://pathfinderwiki.com/wiki/Czarny_Las,
,Dabril,Dabril,,,,https://pathfinderwiki.com/wiki/Dabril,
,Daggermark,Daggermark,,,,https://pathfinderwiki.com/wiki/Daggermark,
,Dalaston,Dalaston,,,,https://pathfinderwiki.com/wiki/Dalaston,
,Dalun,Dalun,,,,https://pathfinderwiki.com/wiki/Dalun,
,Dammartorp,Dammartorp,,,,https://pathfinderwiki.com/wiki/Dammartorp,
,Darinkhuur,Darinkhuur,,,,https://pathfinderwiki.com/wiki/Darinkhuur,
,Davarn,Davarn,,,,https://pathfinderwiki.com/wiki/Davarn,
,Dawnfoot,Dawnfoot,,,,https://pathfinderwiki.com/wiki/Dawnfoot,
,Deadbridge,Deadbridge,,,,https://pathfinderwiki.com/wiki/Deadbridge,
,Deepgate,Deepgate,,,,https://pathfinderwiki.com/wiki/Deepgate,
,Deepmar Penal Colony,Deepmar Penal Colony,,,,https://pathfinderwiki.com/wiki/Deepmar_Penal_Colony,
,Dekarium,Dekarium,,,,https://pathfinderwiki.com/wiki/Dekarium,
,Delenah,Delenah,,,,https://pathfinderwiki.com/wiki/Delenah,
,Delmon's Glen,Delmon's Glen,,,,https://pathfinderwiki.com/wiki/Delmon's_Glen,
,Demgazi,Demgazi,,,,https://pathfinderwiki.com/wiki/Demgazi,
,Demirah,Demirah,,,,https://pathfinderwiki.com/wiki/Demirah,
,Detmer,Detmer,,,,https://pathfinderwiki.com/wiki/Detmer,
,Dhalanagar,Dhalanagar,,,,https://pathfinderwiki.com/wiki/Dhalanagar,
,Dhucharg,Dhucharg,,,,https://pathfinderwiki.com/wiki/Dhucharg,
,Dimayen,Dimayen,,,,https://pathfinderwiki.com/wiki/Dimayen,
,Diobel,Diobel,,,,https://pathfinderwiki.com/wiki/Diobel,
,Djefet,Djefet,,,,https://pathfinderwiki.com/wiki/Djefet,
,Djeneg,Djeneg,,,,https://pathfinderwiki.com/wiki/Djeneg,
,Dobrova,Dobrova,,,,https://pathfinderwiki.com/wiki/Dobrova,
,Dokeran,Dokeran,,,,https://pathfinderwiki.com/wiki/Dokeran,
,Dongun Hold,Dongun Hold,,,,https://pathfinderwiki.com/wiki/Dongun_Hold,
,Doommark,Doommark,,,,https://pathfinderwiki.com/wiki/Doommark,
,Downpour,Downpour,,,,https://pathfinderwiki.com/wiki/Downpour,
,Dragonsthrall,Dragonsthrall,,,,https://pathfinderwiki.com/wiki/Dragonsthrall,
,Dravod Knock,Dravod Knock,,,,https://pathfinderwiki.com/wiki/Dravod_Knock,
,Drenchport,Drenchport,,,,https://pathfinderwiki.com/wiki/Drenchport,
,Drezen,Drezen,,,,https://pathfinderwiki.com/wiki/Drezen,
,Drowning Rock,Drowning Rock,,,,https://pathfinderwiki.com/wiki/Drowning_Rock,
,Dustpawn,Dustpawn,,,,https://pathfinderwiki.com/wiki/Dustpawn,
,Duwwor,Duwwor,,,,https://pathfinderwiki.com/wiki/Duwwor,
,Dyinglight,Dyinglight,,,,https://pathfinderwiki.com/wiki/Dyinglight,
,Eagle Garrison Fort,Eagle Garrison Fort,,,,https://pathfinderwiki.com/wiki/PathfinderWiki:Map_Locations_Without_Articles,
,Eagle's Head,Eagle's Head,,,,https://pathfinderwiki.com/wiki/Eagle's_Head,
,Eagle's Watch,Eagle's Watch,,,,https://pathfinderwiki.com/wiki/Eagle's_Watch,
,East Rikkan,East Rikkan,,,,https://pathfinderwiki.com/wiki/East_Rikkan,
,Ecanus,Ecanus,,,,https://pathfinderwiki.com/wiki/Ecanus,
,Edme,Edme,,,,https://pathfinderwiki.com/wiki/Edme,
,Egede,Egede,,,,https://pathfinderwiki.com/wiki/Egede,
,Egorian,Egorian,,,,https://pathfinderwiki.com/wiki/Egorian,
,Ehur,Ehur,,,,https://pathfinderwiki.com/wiki/Ehur,
,El-Fatar,El-Fatar,,,,https://pathfinderwiki.com/wiki/El-Fatar,
,El-Shelad,El-Shelad,,,,https://pathfinderwiki.com/wiki/El-Shelad,
,Elbistan,Elbistan,,,,https://pathfinderwiki.com/wiki/Elbistan,
,Eldentre,Eldentre,,,,https://pathfinderwiki.com/wiki/Eldentre,
,Elesomare,Elesomare,,,,https://pathfinderwiki.com/wiki/Elesomare,
,Elidir,Elidir,,,,https://pathfinderwiki.com/wiki/Elidir,
,Elistia,Elistia,,,,https://pathfinderwiki.com/wiki/Elistia,
,Elith Lorin,Elith Lorin,,,,https://pathfinderwiki.com/wiki/Elith_Lorin,
,Elokolobha,Elokolobha,,,,https://pathfinderwiki.com/wiki/Elokolobha,
,Elsekulp,Elsekulp,,,,https://pathfinderwiki.com/wiki/Elsekulp,
,Elyon,Elyon,,,,https://pathfinderwiki.com/wiki/Elyon,
,Enganoka,Enganoka,,,,https://pathfinderwiki.com/wiki/PathfinderWiki:Map_Locations_Without_Articles,
,Erages,Erages,,,,https://pathfinderwiki.com/wiki/Erages,
,Eran's Rest,Eran's Rest,,,,https://pathfinderwiki.com/wiki/Eran's_Rest,
,Eranmas,Eranmas,,,,https://pathfinderwiki.com/wiki/Eranmas,
,Erekrus,Erekrus,,,,https://pathfinderwiki.com/wiki/Erekrus,
,Escadar,Escadar,,,,https://pathfinderwiki.com/wiki/Escadar,
,Eto,Eto,,,,https://pathfinderwiki.com/wiki/Eto,
,Evaren,Evaren,,,,https://pathfinderwiki.com/wiki/Evaren,
,Everpine,Everpine,,,,https://pathfinderwiki.com/wiki/Everpine,
,Falchion Point,Falchion Point,,,,https://pathfinderwiki.com/wiki/Falchion_Point,
,Falcon's Hollow,Falcon's Hollow,,,,https://pathfinderwiki.com/wiki/Falcon's_Hollow,
,Faldamont,Faldamont,,,,https://pathfinderwiki.com/wiki/Faldamont,
,Finder's Gulch,Finder's Gulch,,,,https://pathfinderwiki.com/wiki/Finder's_Gulch,
,Finderplain,Finderplain,,,,https://pathfinderwiki.com/wiki/Finderplain,
,Flameford,Flameford,,,,https://pathfinderwiki.com/wiki/Flameford,
,Flesk,Flesk,,,,https://pathfinderwiki.com/wiki/Flesk,
,Folarth,Folarth,,,,https://pathfinderwiki.com/wiki/Folarth,
,Fort Bandu,Fort Bandu,,,,https://pathfinderwiki.com/wiki/Fort_Bandu,
,Fort Benbem,Fort Benbem,,,,https://pathfinderwiki.com/wiki/Fort_Benbem,
,Fort Dagh,Fort Dagh,,,,https://pathfinderwiki.com/wiki/PathfinderWiki:Map_Locations_Without_Articles,
,Fort Drelev,Fort Drelev,,,,https://pathfinderwiki.com/wiki/Fort_Drelev,
,Fort Fang,Fort Fang,,,,https://pathfinderwiki.com/wiki/Fort_Fang,
,Fort Holiday,Fort Holiday,,,,https://pathfinderwiki.com/wiki/Fort_Holiday,
,Fort Kragang,Fort Kragang,,,,https://pathfinderwiki.com/wiki/Fort_Kragang,
,Fort Liberthane,Fort Liberthane,,,,https://pathfinderwiki.com/wiki/Fort_Liberthane,
,Fort Longjaw,Fort Longjaw,,,,https://pathfinderwiki.com/wiki/Fort_Longjaw,
,Fort Ramgate,Fort Ramgate,,,,https://pathfinderwiki.com/wiki/Fort_Ramgate,
,Fort Scourbone,Fort Scourbone,,,,https://pathfinderwiki.com/wiki/PathfinderWiki:Map_Locations_Without_Articles,
,Franax,Franax,,,,https://pathfinderwiki.com/wiki/Franax,
,Free Station,Free Station,,,,https://pathfinderwiki.com/wiki/Free_Station,
,Freedom Town,Freedom Town,,,,https://pathfinderwiki.com/wiki/Freedom_Town,
,Frembrudd,Frembrudd,,,,https://pathfinderwiki.com/wiki/Frembrudd,
,Fusil,Fusil,,,,https://pathfinderwiki.com/wiki/Fusil,
,Gadbadigat,Gadbadigat,,,,https://pathfinderwiki.com/wiki/Gadbadigat,
,Galduria,Galduria,,,,https://pathfinderwiki.com/wiki/Galduria,
,Galizhur,Galizhur,,,,https://pathfinderwiki.com/wiki/Galizhur,
,Ganagsau,Ganagsau,,,,https://pathfinderwiki.com/wiki/Ganagsau,
,Ganda-Uj,Ganda-Uj,,,,https://pathfinderwiki.com/wiki/Ganda-Uj,
,Gardens of Shepeska,Gardens of Shepeska,,,,https://pathfinderwiki.com/wiki/Gardens_of_Shepeska,
,Garizés City,Garizés City,,,,https://pathfinderwiki.com/wiki/Garizés_City,
,Gazibilah,Gazibilah,,,,https://pathfinderwiki.com/wiki/PathfinderWiki:Map_Locations_Without_Articles,
,Geb's Rest,Geb's Rest,,,,https://pathfinderwiki.com/wiki/Geb's_Rest,
,Genzei,Genzei,,,,https://pathfinderwiki.com/wiki/Genzei,
,Gholinom,Gholinom,,,,https://pathfinderwiki.com/wiki/Gholinom,
,Ghrinitshahara,Ghrinitshahara,,,,https://pathfinderwiki.com/wiki/Ghrinitshahara,
,Gildside,Gildside,,,,https://pathfinderwiki.com/wiki/Gildside,
,Gillamoor,Gillamoor,,,,https://pathfinderwiki.com/wiki/Gillamoor,
,Gitna,Gitna,,,,https://pathfinderwiki.com/wiki/Gitna,
,Glimmerhold,Glimmerhold,,,,https://pathfinderwiki.com/wiki/Glimmerhold,
,Goatshead,Goatshead,,,,https://pathfinderwiki.com/wiki/Goatshead,
,Gojko,Gojko,,,,https://pathfinderwiki.com/wiki/Gojko,
,Goka,Goka,,,,https://pathfinderwiki.com/wiki/Goka,
,Golquila,Golquila,,,,https://pathfinderwiki.com/wiki/Golquila,
,Golsifar,Golsifar,,,,https://pathfinderwiki.com/wiki/Golsifar,
,Gralton,Gralton,,,,https://pathfinderwiki.com/wiki/Gralton,
,Grand Pass,Grand Pass,,,,https://pathfinderwiki.com/wiki/Grand_Pass,
,Grandfather's Arms,Grandfather's Arms,,,,https://pathfinderwiki.com/wiki/PathfinderWiki:Map_Locations_Without_Articles,
,Graybanks,Graybanks,,,,https://pathfinderwiki.com/wiki/Graybanks,
,Grayce,Grayce,,,,https://pathfinderwiki.com/wiki/Grayce,
,Graydirge,Graydirge,,,,https://pathfinderwiki.com/wiki/Graydirge,
,Grayhaven,Grayhaven,,,,https://pathfinderwiki.com/wiki/Grayhaven,
,Graymoor,Graymoor,,,,https://pathfinderwiki.com/wiki/Graymoor,
,Greenblood,Greenblood,,,,https://pathfinderwiki.com/wiki/Greenblood,
,Greenglade,Greenglade,,,,https://pathfinderwiki.com/wiki/Greenglade,
,Greengold,Greengold,,,,https://pathfinderwiki.com/wiki/Greengold,
,Gujaraldi,Gujaraldi,,,,https://pathfinderwiki.com/wiki/Gujaraldi,
,Gulshire,Gulshire,,,,https://pathfinderwiki.com/wiki/Gulshire,
,Gundrun,Gundrun,,,,https://pathfinderwiki.com/wiki/Gundrun,
,Gunworks,Gunworks,,,,https://pathfinderwiki.com/wiki/Gunworks,
,Gurat,Gurat,,,,https://pathfinderwiki.com/wiki/Gurat,
,Hagby,Hagby,,,,https://pathfinderwiki.com/wiki/Hagby,
,Haigui Wan,Haigui Wan,,,,https://pathfinderwiki.com/wiki/Haigui_Wan,
,Hajoth Hakados,Hajoth Hakados,,,,https://pathfinderwiki.com/wiki/Hajoth_Hakados,
,Halabad,Halabad,,,,https://pathfinderwiki.com/wiki/Halabad,
,Haldun,Haldun,,,,https://pathfinderwiki.com/wiki/Haldun,
,Halgrim,Halgrim,,,,https://pathfinderwiki.com/wiki/Halgrim,
,Halidon,Halidon,,,,https://pathfinderwiki.com/wiki/Halidon,
,Hallein Town,Hallein Town,,,,https://pathfinderwiki.com/wiki/Hallein_Town,
,Halmyris,Halmyris,,,,https://pathfinderwiki.com/wiki/Halmyris,
,Halvon,Halvon,,,,https://pathfinderwiki.com/wiki/Halvon,
,Hanpa,Hanpa,,,,https://pathfinderwiki.com/wiki/Hanpa,
,Harse,Harse,,,,https://pathfinderwiki.com/wiki/Harse,
,Haseong,Haseong,,,,https://pathfinderwiki.com/wiki/Haseong,
,Hatavit,Hatavit,,,,https://pathfinderwiki.com/wiki/Hatavit,
,Haugin's Ear,Haugin's Ear,,,,https://pathfinderwiki.com/wiki/Haugin's_Ear,
,Haven (Tusk_Mountains),Haven,,,,https://pathfinderwiki.com/wiki/Haven_(Tusk_Mountains),
,Haven,Haven,,,,https://pathfinderwiki.com/wiki/Haven,
,Hawah,Hawah,,,,https://pathfinderwiki.com/wiki/Hawah,
,Hazrak,Hazrak,,,,https://pathfinderwiki.com/wiki/Hazrak,
,Heger,Heger,,,,https://pathfinderwiki.com/wiki/Heger,
,Heggapnod,Heggapnod,,,,https://pathfinderwiki.com/wiki/Heggapnod,
,Heldren,Heldren,,,,https://pathfinderwiki.com/wiki/Heldren,
,Helkgen,Helkgen,,,,https://pathfinderwiki.com/wiki/Helkgen,
,Hell Harbor,Hell Harbor,,,,https://pathfinderwiki.com/wiki/Hell_Harbor,
,Hellirinn,Hellirinn,,,,https://pathfinderwiki.com/wiki/Hellirinn,
,Helsingbyen,Helsingbyen,,,,https://pathfinderwiki.com/wiki/Helsingbyen,
,Heslandaena,Heslandaena,,,,https://pathfinderwiki.com/wiki/Heslandaena,
,Hidden Lake,Hidden Lake,,,,https://pathfinderwiki.com/wiki/Hidden_Lake,
,High Isle,High Isle,,,,https://pathfinderwiki.com/wiki/High_Isle,
,Highdelve,Highdelve,,,,https://pathfinderwiki.com/wiki/Highdelve,
,Highhelm,Highhelm,,,,https://pathfinderwiki.com/wiki/Highhelm,
,Hillcross,Hillcross,,,,https://pathfinderwiki.com/wiki/Hillcross,
,Hinji,Hinji,,,,https://pathfinderwiki.com/wiki/Hinji,
,Hisuikarasu,Hisuikarasu,,,,https://pathfinderwiki.com/wiki/Hisuikarasu,
,Hiyosai,Hiyosai,,,,https://pathfinderwiki.com/wiki/Hiyosai,
,Hoarwood,Hoarwood,,,,https://pathfinderwiki.com/wiki/Hoarwood,
,Holvirgang,Holvirgang,,,,https://pathfinderwiki.com/wiki/Holvirgang,
,Hunthul,Hunthul,,,,https://pathfinderwiki.com/wiki/Hunthul,
,Husanah,Husanah,,,,https://pathfinderwiki.com/wiki/Husanah,
,Hyannis,Hyannis,,,,https://pathfinderwiki.com/wiki/Hyannis,
,Hyrantam,Hyrantam,,,,https://pathfinderwiki.com/wiki/Hyrantam,
,Iadara,Iadara,,,,https://pathfinderwiki.com/wiki/Iadara,
,Iadenveigh,Iadenveigh,,,,https://pathfinderwiki.com/wiki/Iadenveigh,
,Iarna,Iarna,,,,https://pathfinderwiki.com/wiki/Iarna,
,Icebow Bridge,Icebow Bridge,,,,https://pathfinderwiki.com/wiki/PathfinderWiki:Map_Locations_Without_Articles,
,Icestair,Icestair,,,,https://pathfinderwiki.com/wiki/Icestair,
,Ihalar,Ihalar,,,,https://pathfinderwiki.com/wiki/Ihalar,
,Ilizmagorti,Ilizmagorti,,,,https://pathfinderwiki.com/wiki/Ilizmagorti,
,Illmarsh,Illmarsh,,,,https://pathfinderwiki.com/wiki/Illmarsh,
,Ilsurian,Ilsurian,,,,https://pathfinderwiki.com/wiki/Ilsurian,
,Inahiyi,Inahiyi,,,,https://pathfinderwiki.com/wiki/Inahiyi,
,Indapatta,Indapatta,,,,https://pathfinderwiki.com/wiki/Indapatta,
,Ipeq,Ipeq,,,,https://pathfinderwiki.com/wiki/Ipeq,
,Iqaliat,Iqaliat,,,,https://pathfinderwiki.com/wiki/Iqaliat,
,Irim,Irim,,,,https://pathfinderwiki.com/wiki/Irim,
,Irrere,Irrere,,,,https://pathfinderwiki.com/wiki/Irrere_(town),
,Isa,Isa,,,,https://pathfinderwiki.com/wiki/Isa,
,Isarn,Isarn,,,,https://pathfinderwiki.com/wiki/Isarn,
,Ishad,Ishad,,,,https://pathfinderwiki.com/wiki/Ishad,
,Isseld,Isseld,,,,https://pathfinderwiki.com/wiki/Isseld,
,Iz,Iz,,,,https://pathfinderwiki.com/wiki/Iz,
,Izzet,Izzet,,,,https://pathfinderwiki.com/wiki/Izzet,
,Jaagiin,Jaagiin,,,,https://pathfinderwiki.com/wiki/Jaagiin,
,Jaha,Jaha,,,,https://pathfinderwiki.com/wiki/Jaha,
,Jainai,Jainai,,,,https://pathfinderwiki.com/wiki/Jainai,
,Jambis,Jambis,,,,https://pathfinderwiki.com/wiki/Jambis,
,Janderhoff,Janderhoff,,,,https://pathfinderwiki.com/wiki/Janderhoff,
,Jawafeeq,Jawafeeq,,,,https://pathfinderwiki.com/wiki/Jawafeeq,
,Jayat-Von,Jayat-Von,,,,https://pathfinderwiki.com/wiki/Jayat-Von,
,Jol,Jol,,,,https://pathfinderwiki.com/wiki/Jol,
,Jolizpan,Jolizpan,,,,https://pathfinderwiki.com/wiki/Jolizpan,
,Jormurdun,Jormurdun,,,,https://pathfinderwiki.com/wiki/Jormurdun,
,Jovvox,Jovvox,,,,https://pathfinderwiki.com/wiki/Jovvox,
,Jula,Jula,,,,https://pathfinderwiki.com/wiki/Jula,
,Jyito,Jyito,,,,https://pathfinderwiki.com/wiki/Jyito,
,Kaer Maga,Kaer Maga,,,,https://pathfinderwiki.com/wiki/Kaer_Maga,
,Kalit,Kalit,,,,https://pathfinderwiki.com/wiki/Kalit,
,Kalsgard,Kalsgard,,,,https://pathfinderwiki.com/wiki/Kalsgard,
,Kantaria,Kantaria,,,,https://pathfinderwiki.com/wiki/Kantaria,
,Kar-Azakh,Kar-Azakh,,,,https://pathfinderwiki.com/wiki/PathfinderWiki:Map_Locations_Without_Articles,
,Karakuru,Karakuru,,,,https://pathfinderwiki.com/wiki/Karakuru,
,Karcau,Karcau,,,,https://pathfinderwiki.com/wiki/Karcau,
,Karpad,Karpad,,,,https://pathfinderwiki.com/wiki/Karpad,
,Kasai,Kasai,,,,https://pathfinderwiki.com/wiki/Kasai,
,Kassen,Kassen,,,,https://pathfinderwiki.com/wiki/Kassen,
,Katapesh,Katapesh,,,,https://pathfinderwiki.com/wiki/Katapesh_(city),
,Katheer,Katheer,,,,https://pathfinderwiki.com/wiki/Katheer,
,Katrivish,Katrivish,,,,https://pathfinderwiki.com/wiki/Katrivish,
,Kavapesta,Kavapesta,,,,https://pathfinderwiki.com/wiki/Kavapesta,
,Kayalhi,Kayalhi,,,,https://pathfinderwiki.com/wiki/PathfinderWiki:Map_Locations_Without_Articles,
,Kazuhn City,Kazuhn City,,,,https://pathfinderwiki.com/wiki/Kazuhn_City,
,Kelmarane,Kelmarane,,,,https://pathfinderwiki.com/wiki/Kelmarane,
,Kenabres,Kenabres,,,,https://pathfinderwiki.com/wiki/Kenabres,
,Ker Sharic,Ker Sharic,,,,https://pathfinderwiki.com/wiki/Ker_Sharic,
,Kerad,Kerad,,,,https://pathfinderwiki.com/wiki/Kerad,
,Kerim,Kerim,,,,https://pathfinderwiki.com/wiki/Kerim,
,Kerrick,Kerrick,,,,https://pathfinderwiki.com/wiki/Kerrick,
,Kerse,Kerse,,,,https://pathfinderwiki.com/wiki/Kerse,
,Ketskerlet,Ketskerlet,,,,https://pathfinderwiki.com/wiki/Ketskerlet,
,Khari,Khari,,,,https://pathfinderwiki.com/wiki/Khari,
,Kharif,Kharif,,,,https://pathfinderwiki.com/wiki/Kharif,
,Khitai,Khitai,,,,https://pathfinderwiki.com/wiki/Khitai,
,Khoka,Khoka,,,,https://pathfinderwiki.com/wiki/Khoka,
,Khundurai,Khundurai,,,,https://pathfinderwiki.com/wiki/Khundurai,
,Kibwe,Kibwe,,,,https://pathfinderwiki.com/wiki/Kibwe,
,Kintargo,Kintargo,,,,https://pathfinderwiki.com/wiki/Kintargo,
,Kirya,Kirya,,,,https://pathfinderwiki.com/wiki/Kirya,
,Kizobran,Kizobran,,,,https://pathfinderwiki.com/wiki/Kizobran,
,Kokutang,Kokutang,,,,https://pathfinderwiki.com/wiki/Kokutang,
,Kora,Kora,,,,https://pathfinderwiki.com/wiki/Kora,
,Korholm,Korholm,,,,https://pathfinderwiki.com/wiki/Korholm,
,Korvosa,Korvosa,,,,https://pathfinderwiki.com/wiki/Korvosa,
,Kovlar,Kovlar,,,,https://pathfinderwiki.com/wiki/Kovlar,
,Kozan,Kozan,,,,https://pathfinderwiki.com/wiki/Kozan,
,Kraggodan,Kraggodan,,,,https://pathfinderwiki.com/wiki/Kraggodan,
,Kragnaroth,Kragnaroth,,,,https://pathfinderwiki.com/wiki/Kragnaroth,
,Kravenkus,Kravenkus,,,,https://pathfinderwiki.com/wiki/Kravenkus,
,Kridorn,Kridorn,,,,https://pathfinderwiki.com/wiki/Kridorn,
,Kukgukmol,Kukgukmol,,,,https://pathfinderwiki.com/wiki/Kukgukmol,
,Kuratown,Kuratown,,,,https://pathfinderwiki.com/wiki/Kuratown,
,Kybar,Kybar,,,,https://pathfinderwiki.com/wiki/PathfinderWiki:Map_Locations_Without_Articles,
,Kyzuv,Kyzuv,,,,https://pathfinderwiki.com/wiki/Kyzuv,
,Lachka,Lachka,,,,https://pathfinderwiki.com/wiki/Lachka,
,Lackthroat,Lackthroat,,,,https://pathfinderwiki.com/wiki/Lackthroat,
,Laekastel,Laekastel,,,,https://pathfinderwiki.com/wiki/Laekastel,
,Lamasara,Lamasara,,,,https://pathfinderwiki.com/wiki/Lamasara,
,Langkhu,Langkhu,,,,https://pathfinderwiki.com/wiki/Langkhu,
,Lanming,Lanming,,,,https://pathfinderwiki.com/wiki/Lanming,
,Larrad,Larrad,,,,https://pathfinderwiki.com/wiki/Larrad,
,Lavieton,Lavieton,,,,https://pathfinderwiki.com/wiki/Lavieton,
,Ledenica,Ledenica,,,,https://pathfinderwiki.com/wiki/Ledenica,
,Lepidstadt,Lepidstadt,,,,https://pathfinderwiki.com/wiki/Lepidstadt,
,Lilywhite,Lilywhite,,,,https://pathfinderwiki.com/wiki/Lilywhite,
,Lionsguard,Lionsguard,,,,https://pathfinderwiki.com/wiki/Lionsguard,
,Lipror,Lipror,,,,https://pathfinderwiki.com/wiki/Lipror,
,Litran,Litran,,,,https://pathfinderwiki.com/wiki/Litran,
,Little Oppara,Little Oppara,,,,https://pathfinderwiki.com/wiki/Little_Oppara,
,Littletown,Littletown,,,,https://pathfinderwiki.com/wiki/Littletown,
,Lockridge,Lockridge,,,,https://pathfinderwiki.com/wiki/Lockridge,
,Lod,Lod,,,,https://pathfinderwiki.com/wiki/Lod,
,Logas,Logas,,,,https://pathfinderwiki.com/wiki/Logas,
,Longacre,Longacre,,,,https://pathfinderwiki.com/wiki/Longacre,
,Longshadow,Longshadow,,,,https://pathfinderwiki.com/wiki/Longshadow,
,Lopul,Lopul,,,,https://pathfinderwiki.com/wiki/Lopul,
,Losthome,Losthome,,,,https://pathfinderwiki.com/wiki/Losthome,
,Lotheedar,Lotheedar,,,,https://pathfinderwiki.com/wiki/Lotheedar,
,Low Isle,Low Isle,,,,https://pathfinderwiki.com/wiki/Low_Isle,
,Ludovny,Ludovny,,,,https://pathfinderwiki.com/wiki/Ludovny,
,Lumber Consortium's Main Camp,Lumber Consortium's Main Camp,,,,https://pathfinderwiki.com/wiki/PathfinderWiki:Map_Locations_Without_Articles,
,Lyperro,Lyperro,,,,https://pathfinderwiki.com/wiki/Lyperro,
,M'neri Valley Cattle Ranch,M'neri Valley Cattle Ranch,,,,https://pathfinderwiki.com/wiki/M'neri_Valley_Cattle_Ranch,
,Maashinelle,Maashinelle,,,,https://pathfinderwiki.com/wiki/Maashinelle,
,Macini,Macini,,,,https://pathfinderwiki.com/wiki/Macini,
,Macridi,Macridi,,,,https://pathfinderwiki.com/wiki/Macridi,
,Magnimar,Magnimar,,,,https://pathfinderwiki.com/wiki/Magnimar,
,Maheto,Maheto,,,,https://pathfinderwiki.com/wiki/Maheto,
,Maidenspool,Maidenspool,,,,https://pathfinderwiki.com/wiki/Maidenspool,
,Manaket,Manaket,,,,https://pathfinderwiki.com/wiki/Manaket,
,Marian Leigh,Marian Leigh,,,,https://pathfinderwiki.com/wiki/Marian_Leigh,
,Marstol,Marstol,,,,https://pathfinderwiki.com/wiki/Marstol,
,Martel,Martel,,,,https://pathfinderwiki.com/wiki/Martel,
,Matriculum's Charge,Matriculum's Charge,,,,https://pathfinderwiki.com/wiki/Matriculum's_Charge,
,Mechitar,Mechitar,,,,https://pathfinderwiki.com/wiki/Mechitar,
,Melfesh,Melfesh,,,,https://pathfinderwiki.com/wiki/Melfesh,
,Merab,Merab,,,,https://pathfinderwiki.com/wiki/Merab,
,Meravon,Meravon,,,,https://pathfinderwiki.com/wiki/Meravon,
,Merciful Bay,Merciful Bay,,,,https://pathfinderwiki.com/wiki/Merciful_Bay,
,Mercy,Mercy,,,,https://pathfinderwiki.com/wiki/Mercy,
,Merev,Merev,,,,https://pathfinderwiki.com/wiki/Merev,
,Merishai,Merishai,,,,https://pathfinderwiki.com/wiki/Merishai,
,Mezdrubal,Mezdrubal,,,,https://pathfinderwiki.com/wiki/Mezdrubal,
,Mimere,Mimere,,,,https://pathfinderwiki.com/wiki/Mimere,
,Mirivenn,Mirivenn,,,,https://pathfinderwiki.com/wiki/Mirivenn,
,Mirnbay,Mirnbay,,,,https://pathfinderwiki.com/wiki/Mirnbay,
,Misarias,Misarias,,,,https://pathfinderwiki.com/wiki/Misarias,
,Mishkar,Mishkar,,,,https://pathfinderwiki.com/wiki/Mishkar,
,Mivon,Mivon,,,,https://pathfinderwiki.com/wiki/Mivon_(city),
,Monastery of the Seven Forms,Monastery of the Seven Forms,,,,https://pathfinderwiki.com/wiki/Monastery_of_the_Seven_Forms,
,Moonscream Glade,Moonscream Glade,,,,https://pathfinderwiki.com/wiki/Moonscream_Glade,
,Moost,Moost,,,,https://pathfinderwiki.com/wiki/Moost,
,Morcei,Morcei,,,,https://pathfinderwiki.com/wiki/Morcei,
,Mordant Spire,Mordant Spire,,,,https://pathfinderwiki.com/wiki/Mordant_Spire,
,Mormouth,Mormouth,,,,https://pathfinderwiki.com/wiki/Mormouth,
,Morozny,Morozny,,,,https://pathfinderwiki.com/wiki/Morozny,
,Mosswater,Mosswater,,,,https://pathfinderwiki.com/wiki/Mosswater,
,Mukinami,Mukinami,,,,https://pathfinderwiki.com/wiki/Mukinami,
,Muliwan,Muliwan,,,,https://pathfinderwiki.com/wiki/Muliwan,
,Mut,Mut,,,,https://pathfinderwiki.com/wiki/Mut,
,Myrnorosk,Myrnorosk,,,,https://pathfinderwiki.com/wiki/Myrnorosk,
,Myscurial,Myscurial,,,,https://pathfinderwiki.com/wiki/Myscurial,
,Mzali,Mzali,,,,https://pathfinderwiki.com/wiki/Mzali,
,Naamat,Naamat,,,,https://pathfinderwiki.com/wiki/Naamat,
,Nadzieja Lato,Nadzieja Lato,,,,https://pathfinderwiki.com/wiki/Nadzieja_Lato,
,Nagisa,Nagisa,,,,https://pathfinderwiki.com/wiki/Nagisa,
,Nantambu,Nantambu,,,,https://pathfinderwiki.com/wiki/Nantambu,
,Nanzhu,Nanzhu,,,,https://pathfinderwiki.com/wiki/Nanzhu,
,Nerosyan,Nerosyan,,,,https://pathfinderwiki.com/wiki/Nerosyan,
,Neruma,Neruma,,,,https://pathfinderwiki.com/wiki/Neruma,
,New Jelheg,New Jelheg,,,,https://pathfinderwiki.com/wiki/New_Jelheg,
,New Oppara,New Oppara,,,,https://pathfinderwiki.com/wiki/New_Oppara,
,New Stetven,New Stetven,,,,https://pathfinderwiki.com/wiki/New_Stetven,
,New Towne,New Towne,,,,https://pathfinderwiki.com/wiki/New_Towne,
,New Vedagad,New Vedagad,,,,https://pathfinderwiki.com/wiki/New_Vedagad,
,Ngon Hoa,Ngon Hoa,,,,https://pathfinderwiki.com/wiki/Ngon_Hoa,
,Ngozu,Ngozu,,,,https://pathfinderwiki.com/wiki/Ngozu,
,Niishan,Niishan,,,,https://pathfinderwiki.com/wiki/Niishan,
,Nirfan,Nirfan,,,,https://pathfinderwiki.com/wiki/Nirfan,
,Nisroch,Nisroch,,,,https://pathfinderwiki.com/wiki/Nisroch,
,Niswan,Niswan,,,,https://pathfinderwiki.com/wiki/Niswan,
,Nivakta's Crossing,Nivakta's Crossing,,,,https://pathfinderwiki.com/wiki/Nivakta's_Crossing,
,Novoboro,Novoboro,,,,https://pathfinderwiki.com/wiki/Novoboro,
,Numijaan,Numijaan,,,,https://pathfinderwiki.com/wiki/Numijaan,
,Nybor,Nybor,,,,https://pathfinderwiki.com/wiki/Nybor,
,Nyshire,Nyshire,,,,https://pathfinderwiki.com/wiki/Nyshire,
,Oagon,Oagon,,,,https://pathfinderwiki.com/wiki/Oagon,
,Oda,Oda,,,,https://pathfinderwiki.com/wiki/Oda,
,Oe-tet,Oe-tet,,,,https://pathfinderwiki.com/wiki/Oe-Tet,
,Oenopion,Oenopion,,,,https://pathfinderwiki.com/wiki/Oenopion,
,Okeno,Okeno,,,,https://pathfinderwiki.com/wiki/Okeno,
,Okormirr,Okormirr,,,,https://pathfinderwiki.com/wiki/Okormirr,
,Old Sehir,Old Sehir,,,,https://pathfinderwiki.com/wiki/Old_Sehir,
,Olfden,Olfden,,,,https://pathfinderwiki.com/wiki/Olfden,
,Ollo,Ollo,,,,https://pathfinderwiki.com/wiki/Ollo,
,Omash,Omash,,,,https://pathfinderwiki.com/wiki/Omash,
,Omesta,Omesta,,,,https://pathfinderwiki.com/wiki/Omesta,
,Oppara,Oppara,,,,https://pathfinderwiki.com/wiki/Oppara,
,Ordu-Aganhei,Ordu-Aganhei,,,,https://pathfinderwiki.com/wiki/Ordu-Aganhei,
,Oregent,Oregent,,,,https://pathfinderwiki.com/wiki/Oregent,
,Orjotoro,Orjotoro,,,,https://pathfinderwiki.com/wiki/Orjotoro,
,Orlendas,Orlendas,,,,https://pathfinderwiki.com/wiki/Orlendas,
,Orlov,Orlov,,,,https://pathfinderwiki.com/wiki/Orlov,
,Orolo's Quay,Orolo's Quay,,,,https://pathfinderwiki.com/wiki/Orolo's_Quay,
,Orost,Orost,,,,https://pathfinderwiki.com/wiki/Orost,
,Ortalaca,Ortalaca,,,,https://pathfinderwiki.com/wiki/Ortalaca,
,Osibu,Osibu,,,,https://pathfinderwiki.com/wiki/Osibu,
,Ostenso,Ostenso,,,,https://pathfinderwiki.com/wiki/Ostenso,
,Otari,Otari,,,,https://pathfinderwiki.com/wiki/Otari,
,Outsea,Outsea,,,,https://pathfinderwiki.com/wiki/Outsea,
,Oyster Cay,Oyster Cay,,,,https://pathfinderwiki.com/wiki/Oyster_Cay,
,Padiskar,Padiskar,,,,https://pathfinderwiki.com/wiki/Padiskar,
,Pagked,Pagked,,,,https://pathfinderwiki.com/wiki/Pagked,
,Palin's Cove,Palin's Cove,,,,https://pathfinderwiki.com/wiki/Palin's_Cove,
,Pangolais,Pangolais,,,,https://pathfinderwiki.com/wiki/Pangolais,
,Parley Point,Parley Point,,,,https://pathfinderwiki.com/wiki/Parley_Point,
,Pashow,Pashow,,,,https://pathfinderwiki.com/wiki/Pashow,
,Pastorling,Pastorling,,,,https://pathfinderwiki.com/wiki/Pastorling,
,Peddlegate,Peddlegate,,,,https://pathfinderwiki.com/wiki/Peddlegate,
,Pegaduor,Pegaduor,,,,https://pathfinderwiki.com/wiki/Pegaduor,
,Peijia,Peijia,,,,https://pathfinderwiki.com/wiki/Peijia,
,Pendaka,Pendaka,,,,https://pathfinderwiki.com/wiki/Pendaka,
,Pensaris,Pensaris,,,,https://pathfinderwiki.com/wiki/Pensaris,
,Peshaka Naeu,Peshaka Naeu,,,,https://pathfinderwiki.com/wiki/Peshaka_Naeu,
,Petitioner's Port,Petitioner's Port,,,,https://pathfinderwiki.com/wiki/Petitioner's_Port,
,Pex,Pex,,,,https://pathfinderwiki.com/wiki/Pex,
,Pezzack,Pezzack,,,,https://pathfinderwiki.com/wiki/Pezzack,
,Phaendar,Phaendar,,,,https://pathfinderwiki.com/wiki/Phaendar,
,Pier's End,Pier's End,,,,https://pathfinderwiki.com/wiki/Pier's_End,
,Pilgrimage,Pilgrimage,,,,https://pathfinderwiki.com/wiki/Pilgrimage,
,Piren's Bluff,Piren's Bluff,,,,https://pathfinderwiki.com/wiki/Piren's_Bluff,
,Pitax,Pitax,,,,https://pathfinderwiki.com/wiki/Pitax,
,Plumetown,Plumetown,,,,https://pathfinderwiki.com/wiki/Plumetown,
,Pol,Pol,,,,https://pathfinderwiki.com/wiki/Pol,
,Port Freedom,Port Freedom,,,,https://pathfinderwiki.com/wiki/Port_Freedom,
,Port Ice,Port Ice,,,,https://pathfinderwiki.com/wiki/Port_Ice,
,Port Peril,Port Peril,,,,https://pathfinderwiki.com/wiki/Port_Peril,
,Port Valen,Port Valen,,,,https://pathfinderwiki.com/wiki/Port_Valen,
,Prada Hanam,Prada Hanam,,,,https://pathfinderwiki.com/wiki/Prada_Hanam,
,Promise,Promise,,,,https://pathfinderwiki.com/wiki/Promise,
,Prophet's Home,Prophet's Home,,,,https://pathfinderwiki.com/wiki/Prophet's_Home,
,Purt,Purt,,,,https://pathfinderwiki.com/wiki/Purt,
,Qadlus Mavari,Qadlus Mavari,,,,https://pathfinderwiki.com/wiki/Qadlus_Mavari,
,Qaharid,Qaharid,,,,https://pathfinderwiki.com/wiki/Qaharid,
,Quantium,Quantium,,,,https://pathfinderwiki.com/wiki/Quantium,
,Queen Bes,Queen Bes,,,,https://pathfinderwiki.com/wiki/Queen_Bes,
,Quent,Quent,,,,https://pathfinderwiki.com/wiki/Quent,
,Radripal,Radripal,,,,https://pathfinderwiki.com/wiki/Radripal,
,Railford,Railford,,,,https://pathfinderwiki.com/wiki/Railford,
,Raketooth,Raketooth,,,,https://pathfinderwiki.com/wiki/Raketooth,
,Raliscrad,Raliscrad,,,,https://pathfinderwiki.com/wiki/Raliscrad,
,Ramparassad,Ramparassad,,,,https://pathfinderwiki.com/wiki/Ramparassad,
,Rapier Bay,Rapier Bay,,,,https://pathfinderwiki.com/wiki/Rapier_Bay,
,Rashiz,Rashiz,,,,https://pathfinderwiki.com/wiki/Rashiz,
,Ravengro,Ravengro,,,,https://pathfinderwiki.com/wiki/Ravengro,
,Ravenmoor,Ravenmoor,,,,https://pathfinderwiki.com/wiki/Ravenmoor,
,Redleaf,Redleaf,,,,https://pathfinderwiki.com/wiki/Redleaf,
,Redtooth,Redtooth,,,,https://pathfinderwiki.com/wiki/Redtooth,
,Remesiana,Remesiana,,,,https://pathfinderwiki.com/wiki/Remesiana,
,Restov,Restov,,,,https://pathfinderwiki.com/wiki/Restov,
,Riba,Riba,,,,https://pathfinderwiki.com/wiki/Riba,
,Rickety's Squibs,Rickety's Squibs,,,,https://pathfinderwiki.com/wiki/Rickety's_Squibs,
,Riddleport,Riddleport,,,,https://pathfinderwiki.com/wiki/Riddleport,
,Ridonport,Ridonport,,,,https://pathfinderwiki.com/wiki/Ridonport,
,Ridwan,Ridwan,,,,https://pathfinderwiki.com/wiki/Ridwan,
,Riekamesto,Riekamesto,,,,https://pathfinderwiki.com/wiki/Riekamesto,
,Rikhist,Rikhist,,,,https://pathfinderwiki.com/wiki/Rikhist,
,Rivercroft,Rivercroft,,,,https://pathfinderwiki.com/wiki/PathfinderWiki:Map_Locations_Without_Articles,
,Riverford,Riverford,,,,https://pathfinderwiki.com/wiki/Riverford,
,Riverspire,Riverspire,,,,https://pathfinderwiki.com/wiki/Riverspire,
,Riverton,Riverton,,,,https://pathfinderwiki.com/wiki/Riverton,
,Robu,Robu,,,,https://pathfinderwiki.com/wiki/Robu,
,Roderic's Cove,Roderic's Cove,,,,https://pathfinderwiki.com/wiki/Roderic's_Cove,
,Rolgrimmdur,Rolgrimmdur,,,,https://pathfinderwiki.com/wiki/Rolgrimmdur,
,Roshik,Roshik,,,,https://pathfinderwiki.com/wiki/Roshik,
,Roslar's Coffer,Roslar's Coffer,,,,https://pathfinderwiki.com/wiki/Roslar's_Coffer,
,Rozenport,Rozenport,,,,https://pathfinderwiki.com/wiki/Rozenport,
,Rumbutter,Rumbutter,,,,https://pathfinderwiki.com/wiki/Rumbutter,
,Ruwido,Ruwido,,,,https://pathfinderwiki.com/wiki/Ruwido,
,Saad,Saad,,,,https://pathfinderwiki.com/wiki/Saad,
,Saarbotten,Saarbotten,,,,https://pathfinderwiki.com/wiki/Saarbotten,
,Saddlebark Ranch,Saddlebark Ranch,,,,https://pathfinderwiki.com/wiki/PathfinderWiki:Map_Locations_Without_Articles,
,Sadiyeh,Sadiyeh,,,,https://pathfinderwiki.com/wiki/Sadiyeh,
,Safani,Safani,,,,https://pathfinderwiki.com/wiki/Safani,
,Sakakabe,Sakakabe,,,,https://pathfinderwiki.com/wiki/Sakakabe,
,Salav,Salav,,,,https://pathfinderwiki.com/wiki/Salav,
,Sallowshore,Sallowshore,,,,https://pathfinderwiki.com/wiki/Sallowshore,
,Samsara Oasis,Samsara Oasis,,,,https://pathfinderwiki.com/wiki/Samsara_Oasis,
,Sandpoint,Sandpoint,,,,https://pathfinderwiki.com/wiki/Sandpoint,
,Sangpo-Jong,Sangpo-Jong,,,,https://pathfinderwiki.com/wiki/Sangpo-Jong,
,Sanmeshul,Sanmeshul,,,,https://pathfinderwiki.com/wiki/Sanmeshul,
,Sarain,Sarain,,,,https://pathfinderwiki.com/wiki/Sarain,
,Sardis Township,Sardis Township,,,,https://pathfinderwiki.com/wiki/Sardis_Township,
,Saringallow,Saringallow,,,,https://pathfinderwiki.com/wiki/Saringallow,
,Sascha,Sascha,,,,https://pathfinderwiki.com/wiki/Sascha,
,Satravah,Satravah,,,,https://pathfinderwiki.com/wiki/Satravah,
,Sauerton,Sauerton,,,,https://pathfinderwiki.com/wiki/Sauerton,
,Saventh-Yhi,Saventh-Yhi,,,,https://pathfinderwiki.com/wiki/Saventh-Yhi,
,Scrawny Crossing,Scrawny Crossing,,,,https://pathfinderwiki.com/wiki/Scrawny_Crossing,
,Sedeq,Sedeq,,,,https://pathfinderwiki.com/wiki/Sedeq,
,Seer's Home,Seer's Home,,,,https://pathfinderwiki.com/wiki/Seer's_Home,
,Segada,Segada,,,,https://pathfinderwiki.com/wiki/Segada,
,Sember Cove,Sember Cove,,,,https://pathfinderwiki.com/wiki/Sember_Cove,
,Senara,Senara,,,,https://pathfinderwiki.com/wiki/Senara,
,Senghor,Senghor,,,,https://pathfinderwiki.com/wiki/Senghor,
,Seredain,Seredain,,,,https://pathfinderwiki.com/wiki/Seredain,
,Sevenarches,Sevenarches,,,,https://pathfinderwiki.com/wiki/Sevenarches,
,Sezgin,Sezgin,,,,https://pathfinderwiki.com/wiki/Sezgin,
,Shadow Spring,Shadow Spring,,,,https://pathfinderwiki.com/wiki/Shadow_Spring,
,Shamara,Shamara,,,,https://pathfinderwiki.com/wiki/Shamara,
,Shaping Bluffs,Shaping Bluffs,,,,https://pathfinderwiki.com/wiki/PathfinderWiki:Map_Locations_Without_Articles,
,Shatterglass,Shatterglass,,,,https://pathfinderwiki.com/wiki/Shatterglass,
,Shileh,Shileh,,,,https://pathfinderwiki.com/wiki/Shileh,
,Shiman-Sekh,Shiman-Sekh,,,,https://pathfinderwiki.com/wiki/Shiman-Sekh,
,Shimmerford,Shimmerford,,,,https://pathfinderwiki.com/wiki/Shimmerford,
,Shogokabe,Shogokabe,,,,https://pathfinderwiki.com/wiki/PathfinderWiki:Map_Locations_Without_Articles,
,Shoreline,Shoreline,,,,https://pathfinderwiki.com/wiki/Shoreline,
,Siavenian,Siavenian,,,,https://pathfinderwiki.com/wiki/Siavenian,
,Sihadrimon,Sihadrimon,,,,https://pathfinderwiki.com/wiki/Sihadrimon,
,Silverhall,Silverhall,,,,https://pathfinderwiki.com/wiki/Silverhall,
,Sipplerose,Sipplerose,,,,https://pathfinderwiki.com/wiki/Sipplerose,
,Sirathu,Sirathu,,,,https://pathfinderwiki.com/wiki/Sirathu,
,Skathen,Skathen,,,,https://pathfinderwiki.com/wiki/Skathen,
,Skelt,Skelt,,,,https://pathfinderwiki.com/wiki/Skelt,
,Skjoldmur,Skjoldmur,,,,https://pathfinderwiki.com/wiki/Skjoldmur,
,Skrata,Skrata,,,,https://pathfinderwiki.com/wiki/Skrata,
,Skywatch,Skywatch,,,,https://pathfinderwiki.com/wiki/Skywatch,
,Slipcove,Slipcove,,,,https://pathfinderwiki.com/wiki/Slipcove,
,Slither Cove,Slither Cove,,,,https://pathfinderwiki.com/wiki/Slither_Cove,
,Snemmevik,Snemmevik,,,,https://pathfinderwiki.com/wiki/Snemmevik,
,Snowford,Snowford,,,,https://pathfinderwiki.com/wiki/PathfinderWiki:Map_Locations_Without_Articles,
,Soduras,Soduras,,,,https://pathfinderwiki.com/wiki/Soduras,
,Sojourner's Rest,Sojourner's Rest,,,,https://pathfinderwiki.com/wiki/Sojourner's_Rest,
,Solanas,Solanas,,,,https://pathfinderwiki.com/wiki/Solanas,
,Solku,Solku,,,,https://pathfinderwiki.com/wiki/Solku,
,Solskinn,Solskinn,,,,https://pathfinderwiki.com/wiki/Solskinn,
,Sosulka,Sosulka,,,,https://pathfinderwiki.com/wiki/Sosulka,
,Sothis,Sothis,,,,https://pathfinderwiki.com/wiki/Sothis,
,Sotto,Sotto,,,,https://pathfinderwiki.com/wiki/Sotto,
,Souston,Souston,,,,https://pathfinderwiki.com/wiki/Souston,
,Stachys,Stachys,,,,https://pathfinderwiki.com/wiki/Stachys,
,Starfall,Starfall,,,,https://pathfinderwiki.com/wiki/Starfall,
,Stark Point,Stark Point,,,,https://pathfinderwiki.com/wiki/Stark_Point,
,Stavian's Hold,Stavian's Hold,,,,https://pathfinderwiki.com/wiki/Stavian's_Hold,
,Stavintower,Stavintower,,,,https://pathfinderwiki.com/wiki/Stavintower,
,Steyr,Steyr,,,,https://pathfinderwiki.com/wiki/Steyr,
,Stoneclimb,Stoneclimb,,,,https://pathfinderwiki.com/wiki/Stoneclimb,
,Storasta,Storasta,,,,https://pathfinderwiki.com/wiki/Storasta,
,Sturnidae,Sturnidae,,,,https://pathfinderwiki.com/wiki/Sturnidae,
,Sukri,Sukri,,,,https://pathfinderwiki.com/wiki/Sukri,
,Sumadhadra,Sumadhadra,,,,https://pathfinderwiki.com/wiki/Sumadhadra,
,Sunder Horn,Sunder Horn,,,,https://pathfinderwiki.com/wiki/Sunder_Horn,
,Surtse,Surtse,,,,https://pathfinderwiki.com/wiki/Surtse,
,Szamrak's Haven,Szamrak's Haven,,,,https://pathfinderwiki.com/wiki/Szamrak's_Haven,
,Taggoret,Taggoret,,,,https://pathfinderwiki.com/wiki/Taggoret_(city),
,Taggun Hold,Taggun Hold,,,,https://pathfinderwiki.com/wiki/Taggun_Hold,
,Talípas,Talípas,,,,https://pathfinderwiki.com/wiki/Talípas,
,Tamran,Tamran,,,,https://pathfinderwiki.com/wiki/Tamran,
,Tamrivena,Tamrivena,,,,https://pathfinderwiki.com/wiki/Tamrivena,
,Tanadesh,Tanadesh,,,,https://pathfinderwiki.com/wiki/Tanadesh,
,Tar Kuata,Tar Kuata,,,,https://pathfinderwiki.com/wiki/Tar_Kuata,
,Tar-Kazmukh,Tar-Kazmukh,,,,https://pathfinderwiki.com/wiki/Tar-Kazmukh,
,Tashagrot,Tashagrot,,,,https://pathfinderwiki.com/wiki/Tashagrot,
,Tastikka,Tastikka,,,,https://pathfinderwiki.com/wiki/Tastikka,
,Tekeh,Tekeh,,,,https://pathfinderwiki.com/wiki/Tekeh,
,Tephu,Tephu,,,,https://pathfinderwiki.com/wiki/Tephu,
,The Aerie,The Aerie,,,,https://pathfinderwiki.com/wiki/PathfinderWiki:Map_Locations_Without_Articles,
,The Foundry,The Foundry,,,,https://pathfinderwiki.com/wiki/Foundry,
,Thom,Thom,,,,https://pathfinderwiki.com/wiki/Thom,
,Thornhearth,Thornhearth,,,,https://pathfinderwiki.com/wiki/Thornhearth,
,Thornkeep,Thornkeep,,,,https://pathfinderwiki.com/wiki/Thornkeep,
,Three Pines Ford,Three Pines Ford,,,,https://pathfinderwiki.com/wiki/Three_Pines_Ford,
,Three-Troll,Three-Troll,,,,https://pathfinderwiki.com/wiki/Three-Troll,
,Thronestep,Thronestep,,,,https://pathfinderwiki.com/wiki/Thronestep,
,Thrune's Chance,Thrune's Chance,,,,https://pathfinderwiki.com/wiki/PathfinderWiki:Map_Locations_Without_Articles,
,Thrushmoor,Thrushmoor,,,,https://pathfinderwiki.com/wiki/Thrushmoor,
,Tilxar,Tilxar,,,,https://pathfinderwiki.com/wiki/PathfinderWiki:Map_Locations_Without_Articles,
,Tiven's Reed,Tiven's Reed,,,,https://pathfinderwiki.com/wiki/Tiven's_Reed,
,Tolguth,Tolguth,,,,https://pathfinderwiki.com/wiki/Tolguth,
,Tomgruv,Tomgruv,,,,https://pathfinderwiki.com/wiki/Tomgruv,
,Torch,Torch,,,,https://pathfinderwiki.com/wiki/Torch,
,Torcova,Torcova,,,,https://pathfinderwiki.com/wiki/Torcova,
,Totra,Totra,,,,https://pathfinderwiki.com/wiki/Totra,
,Tradecross,Tradecross,,,,https://pathfinderwiki.com/wiki/Tradecross,
,Tregan,Tregan,,,,https://pathfinderwiki.com/wiki/Tregan,
,Trezira,Trezira,,,,https://pathfinderwiki.com/wiki/Trezira,
,Tribulation,Tribulation,,,,https://pathfinderwiki.com/wiki/Tribulation,
,Triela,Triela,,,,https://pathfinderwiki.com/wiki/Triela,
,Tripolne,Tripolne,,,,https://pathfinderwiki.com/wiki/Tripolne,
,Trollheim,Trollheim,,,,https://pathfinderwiki.com/wiki/Trollheim,
,Trunau,Trunau,,,,https://pathfinderwiki.com/wiki/Trunau,
,Tulaupan,Tulaupan,,,,https://pathfinderwiki.com/wiki/Tulaupan,
,Turtleback Ferry,Turtleback Ferry,,,,https://pathfinderwiki.com/wiki/Turtleback_Ferry,
,Turvik,Turvik,,,,https://pathfinderwiki.com/wiki/Turvik,
,Tuvar,Tuvar,,,,https://pathfinderwiki.com/wiki/Tuvar,
,Twingate,Twingate,,,,https://pathfinderwiki.com/wiki/Twingate,
,Tymon,Tymon,,,,https://pathfinderwiki.com/wiki/Tymon,
,Tyvas-Devas,Tyvas-Devas,,,,https://pathfinderwiki.com/wiki/Tyvas-Devas,
,Udayasankar,Udayasankar,,,,https://pathfinderwiki.com/wiki/Udayasankar,
,Ukhrul,Ukhrul,,,,https://pathfinderwiki.com/wiki/Ukhrul,
,Ul-Angorn,Ul-Angorn,,,,https://pathfinderwiki.com/wiki/Ul-Angorn,
,Ullerskad,Ullerskad,,,,https://pathfinderwiki.com/wiki/Ullerskad,
,Umnyango,Umnyango,,,,https://pathfinderwiki.com/wiki/Umnyango,
,Umok,Umok,,,,https://pathfinderwiki.com/wiki/Umok,
,Unaimo,Unaimo,,,,https://pathfinderwiki.com/wiki/Unaimo,
,Undarin,Undarin,,,,https://pathfinderwiki.com/wiki/Undarin,
,Urgir,Urgir,,,,https://pathfinderwiki.com/wiki/Urgir,
,Urglin,Urglin,,,,https://pathfinderwiki.com/wiki/Urglin,
,Uringen,Uringen,,,,https://pathfinderwiki.com/wiki/Uringen,
,Usaro,Usaro,,,,https://pathfinderwiki.com/wiki/Usaro,
,Ushumgal,Ushumgal,,,,https://pathfinderwiki.com/wiki/Ushumgal,
,Vaktai,Vaktai,,,,https://pathfinderwiki.com/wiki/Vaktai,
,Valahuv,Valahuv,,,,https://pathfinderwiki.com/wiki/Valahuv,
,Valas's Gift,Valas's Gift,,,,https://pathfinderwiki.com/wiki/Valas's_Gift,
,Valishava,Valishava,,,,https://pathfinderwiki.com/wiki/Valishava,
,Varnhold,Varnhold,,,,https://pathfinderwiki.com/wiki/Varnhold,
,Varook's Deep,Varook's Deep,,,,https://pathfinderwiki.com/wiki/PathfinderWiki:Map_Locations_Without_Articles,
,Vasterborg,Vasterborg,,,,https://pathfinderwiki.com/wiki/Vasterborg,
,Vauntil,Vauntil,,,,https://pathfinderwiki.com/wiki/Vauntil,
,Veka,Veka,,,,https://pathfinderwiki.com/wiki/Veka,
,Veldraine,Veldraine,,,,https://pathfinderwiki.com/wiki/Veldraine,
,Vellumis,Vellumis,,,,https://pathfinderwiki.com/wiki/Vellumis,
,Veshtak,Veshtak,,,,https://pathfinderwiki.com/wiki/Veshtak,
,Vezhnu,Vezhnu,,,,https://pathfinderwiki.com/wiki/Vezhnu,
,Vigil,Vigil,,,,https://pathfinderwiki.com/wiki/Vigil,
,Vilelock,Vilelock,,,,https://pathfinderwiki.com/wiki/Vilelock,
,Vinpinna,Vinpinna,,,,https://pathfinderwiki.com/wiki/Vinpinna,
,Vische,Vische,,,,https://pathfinderwiki.com/wiki/Vische,
,Visheksrad,Visheksrad,,,,https://pathfinderwiki.com/wiki/Visheksrad,
,Vladmirr,Vladmirr,,,,https://pathfinderwiki.com/wiki/Vladmirr,
,Voinaris,Voinaris,,,,https://pathfinderwiki.com/wiki/Voinaris,
,Volod,Volod,,,,https://pathfinderwiki.com/wiki/Volod,
,Voluse,Voluse,,,,https://pathfinderwiki.com/wiki/Voluse,
,Vurnirn,Vurnirn,,,,https://pathfinderwiki.com/wiki/Vurnirn,
,Vyre,Vyre,,,,https://pathfinderwiki.com/wiki/Vyre,
,Wait's Span,Wait's Span,,,,https://pathfinderwiki.com/wiki/Wait's_Span,
,Waldsby,Waldsby,,,,https://pathfinderwiki.com/wiki/Waldsby,
,Wanshi,Wanshi,,,,https://pathfinderwiki.com/wiki/PathfinderWiki:Map_Locations_Without_Articles,
,Wartle,Wartle,,,,https://pathfinderwiki.com/wiki/Wartle,
,Wati,Wati,,,,https://pathfinderwiki.com/wiki/Wati,
,Waunomani,Waunomani,,,,https://pathfinderwiki.com/wiki/Waunomani,
,Westcrown,Westcrown,,,,https://pathfinderwiki.com/wiki/Westcrown,
,Westerhold,Westerhold,,,,https://pathfinderwiki.com/wiki/Westerhold,
,Westpool,Westpool,,,,https://pathfinderwiki.com/wiki/Westpool,
,Westsher,Westsher,,,,https://pathfinderwiki.com/wiki/Westsher,
,Whispertruth,Whispertruth,,,,https://pathfinderwiki.com/wiki/Whispertruth,
,Whistledown,Whistledown,,,,https://pathfinderwiki.com/wiki/Whistledown,
,Whitemound,Whitemound,,,,https://pathfinderwiki.com/wiki/PathfinderWiki:Map_Locations_Without_Articles,
,Whiterock,Whiterock,,,,https://pathfinderwiki.com/wiki/Whiterock,
,Whiterook,Whiterook,,,,https://pathfinderwiki.com/wiki/Whiterook,
,Whitethrone,Whitethrone,,,,https://pathfinderwiki.com/wiki/Whitethrone,
,Wilkesmont,Wilkesmont,,,,https://pathfinderwiki.com/wiki/Wilkesmont,
,Willowside,Willowside,,,,https://pathfinderwiki.com/wiki/Willowside,
,Winterbreak,Winterbreak,,,,https://pathfinderwiki.com/wiki/Winterbreak,
,Wispil,Wispil,,,,https://pathfinderwiki.com/wiki/Wispil,
,Wolf's Ear,Wolf's Ear,,,,https://pathfinderwiki.com/wiki/Wolf's_Ear,
,Woodsedge,Woodsedge,,,,https://pathfinderwiki.com/wiki/Woodsedge,
,Wyvernsting,Wyvernsting,,,,https://pathfinderwiki.com/wiki/Wyvernsting,
,Xer,Xer,,,,https://pathfinderwiki.com/wiki/Xer,
,Xin-Cyrusian,Xin-Cyrusian,,,,https://pathfinderwiki.com/wiki/Xin-Cyrusian,
,Xin-Edasseril,Xin-Edasseril,,,,https://pathfinderwiki.com/wiki/Xin-Edasseril,
,Xin-Shalast,Xin-Shalast,,,,https://pathfinderwiki.com/wiki/Xin-Shalast,
,Xiwu,Xiwu,,,,https://pathfinderwiki.com/wiki/Xiwu,
,Yalakheen,Yalakheen,,,,https://pathfinderwiki.com/wiki/Yalakheen,
,Yan Tlomíl,Yan Tlomíl,,,,https://pathfinderwiki.com/wiki/Yan_Tlomíl,
,Yanmass,Yanmass,,,,https://pathfinderwiki.com/wiki/Yanmass,
,Yanti Iñulde,Yanti Iñulde,,,,https://pathfinderwiki.com/wiki/Yanti_Iñulde,
,Yashabaru,Yashabaru,,,,https://pathfinderwiki.com/wiki/Yashabaru,
,Yavipho,Yavipho,,,,https://pathfinderwiki.com/wiki/Yavipho,
,Yelligo Wharf,Yelligo Wharf,,,,https://pathfinderwiki.com/wiki/Yelligo_Wharf,
,Yemal,Yemal,,,,https://pathfinderwiki.com/wiki/Lost_Yemal,
,Yensa,Yensa,,,,https://pathfinderwiki.com/wiki/Yensa,
,Yiangma,Yiangma,,,,https://pathfinderwiki.com/wiki/Yiangma,
,Yin-Sichasi,Yin-Sichasi,,,,https://pathfinderwiki.com/wiki/Yin-Sichasi,
,Yled,Yled,,,,https://pathfinderwiki.com/wiki/Yled,
,Ysborg,Ysborg,,,,https://pathfinderwiki.com/wiki/Ysborg,
,Ytterjorna,Ytterjorna,,,,https://pathfinderwiki.com/wiki/Ytterjorna,
,Zaplava,Zaplava,,,,https://pathfinderwiki.com/wiki/Zaplava,
,Zeibo,Zeibo,,,,https://pathfinderwiki.com/wiki/Zeibo,
,Zelen,Zelen,,,,https://pathfinderwiki.com/wiki/Zelen,
,Zetang,Zetang,,,,https://pathfinderwiki.com/wiki/Zetang,
,Zhenbarghua,Zhenbarghua,,,,https://pathfinderwiki.com/wiki/Zhenbarghua,
,Zilpatzi,Zilpatzi,,,,https://pathfinderwiki.com/wiki/Zilpatzi,
,Zimar,Zimar,,,,https://pathfinderwiki.com/wiki/Zimar,
,Ziplatna,Ziplatna,,,,https://pathfinderwiki.com/wiki/Ziplatna,
,Zlatomesto,Zlatomesto,,,,https://pathfinderwiki.com/wiki/Zlatomesto,
,Zom Kullan,Zom Kullan,,,,https://pathfinderwiki.com/wiki/Zom_Kullan,
,Ñarula,Ñarula,,,,https://pathfinderwiki.com/wiki/Ñarula,
